,train_loss,train_acc,test_loss,test_acc
0,0.06796937951674828,0.06559392809867859,0.0676266010850668,0.183942511677742
1,0.06590884121564719,0.06538830697536469,0.0682921726256609,0.21278849244117737
2,0.06415804647482358,0.06731823831796646,0.06568397581577301,0.212890625
3,0.0626761386027703,0.06711605936288834,0.06546092964708805,0.21980130672454834
4,0.06113863335205959,0.06717528402805328,0.06550512835383415,0.21941018104553223
