,train_loss,train_acc,test_loss,test_acc
0,0.564251275062561,0.7605208158493042,0.6062741535050529,0.8986055254936218
1,0.3565573406219482,0.9789474010467529,0.3683068496840341,0.9757674336433411
2,0.31191774845123293,0.9818671941757202,0.30064246909958975,0.9816179871559143
