,train_loss,train_acc,test_loss,test_acc
0,0.580779081583023,0.7431713938713074,0.6503352011953082,0.8235667943954468
1,0.38379750967025755,0.9784819483757019,0.3754070060593741,0.9790282845497131
2,0.3482518470287323,0.9815601706504822,0.33936801127025057,0.9819453358650208
3,0.3281165909767151,0.9833802580833435,0.32217098985399517,0.9826399087905884
4,0.31175310015678404,0.9847809672355652,0.3111189731529781,0.9828449487686157
